chr,position,ref,alt,allele,Annotation,Gene_Name,Feature_ID,HGVS.c,HGVS.p
chr2D,33952068,T,C,C,3_prime_UTR_variant,TraesCS2D02G079600,TraesCS2D02G079600.2,c.*420A>G,
chr2D,33952073,T,C,C,3_prime_UTR_variant,TraesCS2D02G079600,TraesCS2D02G079600.2,c.*415A>G,
chr2D,33952131,A,G,G,3_prime_UTR_variant,TraesCS2D02G079600,TraesCS2D02G079600.2,c.*357T>C,
chr2D,33952136,A,G,G,3_prime_UTR_variant,TraesCS2D02G079600,TraesCS2D02G079600.2,c.*352T>C,
chr2D,33952312,A,T,T,3_prime_UTR_variant,TraesCS2D02G079600,TraesCS2D02G079600.2,c.*176T>A,
chr2D,33952321,C,G,G,3_prime_UTR_variant,TraesCS2D02G079600,TraesCS2D02G079600.2,c.*167G>C,
chr2D,33952433,A,G,G,3_prime_UTR_variant,TraesCS2D02G079600,TraesCS2D02G079600.2,c.*55T>C,
chr2D,33952549,G,A,A,missense_variant,TraesCS2D02G079600,TraesCS2D02G079600.2,c.1961C>T,p.Pro654Leu
chr2D,33952677,G,A,A,intron_variant,TraesCS2D02G079600,TraesCS2D02G079600.2,c.1920+23C>T,
chr2D,33952897,C,T,T,missense_variant,TraesCS2D02G079600,TraesCS2D02G079600.2,c.1723G>A,p.Ala575Thr
chr2D,33952952,T,A,A,synonymous_variant,TraesCS2D02G079600,TraesCS2D02G079600.2,c.1668A>T,p.Gly556Gly
chr2D,33952998,C,T,T,missense_variant,TraesCS2D02G079600,TraesCS2D02G079600.2,c.1622G>A,p.Arg541His
chr2D,33953030,C,T,T,synonymous_variant,TraesCS2D02G079600,TraesCS2D02G079600.2,c.1590G>A,p.Ala530Ala
chr2D,33953095,T,C,C,missense_variant,TraesCS2D02G079600,TraesCS2D02G079600.2,c.1525A>G,p.Thr509Ala
chr2D,33953099,C,T,T,synonymous_variant,TraesCS2D02G079600,TraesCS2D02G079600.2,c.1521G>A,p.Pro507Pro
chr2D,33953195,G,A,A,synonymous_variant,TraesCS2D02G079600,TraesCS2D02G079600.2,c.1425C>T,p.Ser475Ser
chr2D,33953228,G,C,C,missense_variant,TraesCS2D02G079600,TraesCS2D02G079600.2,c.1392C>G,p.Ser464Arg
chr2D,33953294,G,A,A,synonymous_variant,TraesCS2D02G079600,TraesCS2D02G079600.2,c.1326C>T,p.Asn442Asn
chr2D,33953459,C,T,T,missense_variant,TraesCS2D02G079600,TraesCS2D02G079600.2,c.1243G>A,p.Asp415Asn
chr2D,33953684,G,A,A,stop_gained,TraesCS2D02G079600,TraesCS2D02G079600.2,c.1018C>T,p.Arg340*
chr2D,33953765,C,T,T,missense_variant,TraesCS2D02G079600,TraesCS2D02G079600.2,c.937G>A,p.Ala313Thr
chr2D,33953871,A,C,C,intron_variant,TraesCS2D02G079600,TraesCS2D02G079600.2,c.845-14T>G,
chr2D,33954071,G,A,A,missense_variant,TraesCS2D02G079600,TraesCS2D02G079600.2,c.737C>T,p.Pro246Leu
chr2D,33954167,A,G,G,intron_variant,TraesCS2D02G079600,TraesCS2D02G079600.2,c.667-26T>C,
chr2D,33954211,T,C,C,intron_variant,TraesCS2D02G079600,TraesCS2D02G079600.2,c.667-70A>G,
chr2D,33954335,A,G,G,intron_variant,TraesCS2D02G079600,TraesCS2D02G079600.2,c.667-194T>C,
chr2D,33954412,T,C,C,intron_variant,TraesCS2D02G079600,TraesCS2D02G079600.2,c.666+181A>G,
chr2D,33954468,C,T,T,intron_variant,TraesCS2D02G079600,TraesCS2D02G079600.2,c.666+125G>A,
chr2D,33954771,T,A,A,intron_variant,TraesCS2D02G079600,TraesCS2D02G079600.2,c.511-23A>T,
chr2D,33954876,C,T,T,intron_variant,TraesCS2D02G079600,TraesCS2D02G079600.2,c.510+68G>A,
chr2D,33954926,A,C,C,intron_variant,TraesCS2D02G079600,TraesCS2D02G079600.2,c.510+18T>G,
chr2D,33954946,T,C,C,missense_variant&splice_region_variant,TraesCS2D02G079600,TraesCS2D02G079600.2,c.508A>G,p.Ser170Gly
chr2D,33954953,C,G,G,synonymous_variant,TraesCS2D02G079600,TraesCS2D02G079600.2,c.501G>C,p.Arg167Arg
chr2D,33955363,C,G,G,intron_variant,TraesCS2D02G079600,TraesCS2D02G079600.2,c.212-13G>C,
chr2D,33955388,C,T,T,intron_variant,TraesCS2D02G079600,TraesCS2D02G079600.2,c.212-38G>A,
chr2D,33955398,A,C,C,intron_variant,TraesCS2D02G079600,TraesCS2D02G079600.2,c.212-48T>G,
chr2D,33955566,A,T,T,missense_variant,TraesCS2D02G079600,TraesCS2D02G079600.2,c.103T>A,p.Cys35Ser
chr2D,33955570,T,C,C,synonymous_variant,TraesCS2D02G079600,TraesCS2D02G079600.2,c.99A>G,p.Pro33Pro
chr2D,33955723,T,C,C,upstream_gene_variant,TraesCS2D02G079600,TraesCS2D02G079600.2,c.-55A>G,
chr2D,33955732,C,G,G,upstream_gene_variant,TraesCS2D02G079600,TraesCS2D02G079600.2,c.-64G>C,
chr2D,33955746,A,G,G,upstream_gene_variant,TraesCS2D02G079600,TraesCS2D02G079600.2,c.-78T>C,
chr2D,33955761,T,G,G,synonymous_variant,TraesCS2D02G079600,TraesCS2D02G079600.3,c.6A>C,p.Arg2Arg
chr2D,33955762,C,G,G,missense_variant,TraesCS2D02G079600,TraesCS2D02G079600.3,c.5G>C,p.Arg2Pro
chr2D,33955785,G,T,T,5_prime_UTR_variant,TraesCS2D02G079600,TraesCS2D02G079600.3,c.-19C>A,
chr2D,33955793,G,A,A,5_prime_UTR_variant,TraesCS2D02G079600,TraesCS2D02G079600.3,c.-27C>T,
chr2D,33955828,T,C,C,5_prime_UTR_variant,TraesCS2D02G079600,TraesCS2D02G079600.3,c.-62A>G,
chr2D,33955863,T,G,G,5_prime_UTR_variant,TraesCS2D02G079600,TraesCS2D02G079600.3,c.-97A>C,
chr2D,33955905,G,T,T,5_prime_UTR_variant,TraesCS2D02G079600,TraesCS2D02G079600.3,c.-139C>A,
chr2D,33956008,G,C,C,5_prime_UTR_variant,TraesCS2D02G079600,TraesCS2D02G079600.3,c.-242C>G,
chr2D,33956046,G,A,A,upstream_gene_variant,TraesCS2D02G079600,TraesCS2D02G079600.2,c.-378C>T,
chr2D,33956047,C,G,G,upstream_gene_variant,TraesCS2D02G079600,TraesCS2D02G079600.2,c.-379G>C,
chr2D,33956118,T,G,G,splice_region_variant&intron_variant,TraesCS2D02G079600,TraesCS2D02G079600.3,c.-268+4A>C,
chr2D,33956124,C,T,T,splice_region_variant,TraesCS2D02G079600,TraesCS2D02G079600.3,c.-270G>A,
chr2D,33956126,C,T,T,5_prime_UTR_variant,TraesCS2D02G079600,TraesCS2D02G079600.3,c.-272G>A,
chr2D,33956130,G,T,T,5_prime_UTR_variant,TraesCS2D02G079600,TraesCS2D02G079600.3,c.-276C>A,
chr2D,33956159,G,A,A,5_prime_UTR_variant,TraesCS2D02G079600,TraesCS2D02G079600.3,c.-305C>T,
chr2D,33956160,A,G,G,5_prime_UTR_variant,TraesCS2D02G079600,TraesCS2D02G079600.3,c.-306T>C,
chr2D,33956164,C,T,T,5_prime_UTR_variant,TraesCS2D02G079600,TraesCS2D02G079600.3,c.-310G>A,
chr2D,33956167,C,G,G,5_prime_UTR_variant,TraesCS2D02G079600,TraesCS2D02G079600.3,c.-313G>C,
chr2D,33956202,T,G,G,5_prime_UTR_variant,TraesCS2D02G079600,TraesCS2D02G079600.3,c.-348A>C,
chr2D,33956211,G,A,A,5_prime_UTR_variant,TraesCS2D02G079600,TraesCS2D02G079600.3,c.-357C>T,
chr2D,33956244,G,T,T,5_prime_UTR_variant,TraesCS2D02G079600,TraesCS2D02G079600.3,c.-390C>A,
chr2D,33956268,T,C,C,5_prime_UTR_variant,TraesCS2D02G079600,TraesCS2D02G079600.3,c.-414A>G,
chr2D,33956300,A,T,T,upstream_gene_variant,TraesCS2D02G079600,TraesCS2D02G079600.2,c.-632T>A,
chr2D,33956440,C,G,G,upstream_gene_variant,TraesCS2D02G079600,TraesCS2D02G079600.2,c.-772G>C,
chr2D,33956465,G,A,A,upstream_gene_variant,TraesCS2D02G079600,TraesCS2D02G079600.2,c.-797C>T,
chr2D,33956480,C,G,G,upstream_gene_variant,TraesCS2D02G079600,TraesCS2D02G079600.2,c.-812G>C,
chr2D,33956505,G,A,A,upstream_gene_variant,TraesCS2D02G079600,TraesCS2D02G079600.2,c.-837C>T,
chr2D,33956529,G,A,A,upstream_gene_variant,TraesCS2D02G079600,TraesCS2D02G079600.2,c.-861C>T,
chr2D,33956549,G,C,C,upstream_gene_variant,TraesCS2D02G079600,TraesCS2D02G079600.2,c.-881C>G,
chr2D,33956552,A,G,G,upstream_gene_variant,TraesCS2D02G079600,TraesCS2D02G079600.2,c.-884T>C,
chr2D,33956555,G,A,A,upstream_gene_variant,TraesCS2D02G079600,TraesCS2D02G079600.2,c.-887C>T,
chr2D,33956585,T,C,C,upstream_gene_variant,TraesCS2D02G079600,TraesCS2D02G079600.2,c.-917A>G,
chr2D,33956597,C,T,T,upstream_gene_variant,TraesCS2D02G079600,TraesCS2D02G079600.2,c.-929G>A,
chr2D,33956626,A,G,G,upstream_gene_variant,TraesCS2D02G079600,TraesCS2D02G079600.2,c.-958T>C,
chr2D,33956638,T,C,C,upstream_gene_variant,TraesCS2D02G079600,TraesCS2D02G079600.2,c.-970A>G,
chr2D,33956691,T,C,C,upstream_gene_variant,TraesCS2D02G079600,TraesCS2D02G079600.2,c.-1023A>G,
chr2D,33956694,T,C,C,upstream_gene_variant,TraesCS2D02G079600,TraesCS2D02G079600.2,c.-1026A>G,
chr2D,33956723,T,C,C,upstream_gene_variant,TraesCS2D02G079600,TraesCS2D02G079600.2,c.-1055A>G,
chr2D,33956733,T,C,C,upstream_gene_variant,TraesCS2D02G079600,TraesCS2D02G079600.2,c.-1065A>G,
chr2D,33956740,C,G,G,upstream_gene_variant,TraesCS2D02G079600,TraesCS2D02G079600.2,c.-1072G>C,
chr2D,33956742,C,G,G,upstream_gene_variant,TraesCS2D02G079600,TraesCS2D02G079600.2,c.-1074G>C,
chr2D,33956747,A,C,C,upstream_gene_variant,TraesCS2D02G079600,TraesCS2D02G079600.2,c.-1079T>G,
chr2D,33956753,T,A,A,regulatory_region_variant,,TE_CLARITE_CLARIrepeatwheat_403902_403952_Repeat_region_102.DTT_1178877,n.33956753A>T,
chr2D,33956763,C,T,T,regulatory_region_variant,,TE_CLARITE_CLARIrepeatwheat_403902_403952_Repeat_region_102.DTT_1178877,n.33956763G>A,
chr2D,33956813,A,T,T,regulatory_region_variant,,TE_CLARITE_CLARIrepeatwheat_403963_404136_Repeat_region_103.DTX_1178878,n.33956813A>T,
chr2D,33956842,C,T,T,regulatory_region_variant,,TE_CLARITE_CLARIrepeatwheat_403963_404136_Repeat_region_103.DTX_1178878,n.33956842C>T,
chr2D,33956894,A,T,T,regulatory_region_variant,,TE_CLARITE_CLARIrepeatwheat_403963_404136_Repeat_region_103.DTX_1178878,n.33956894A>T,
chr2D,33957090,A,T,T,upstream_gene_variant,TraesCS2D02G079600,TraesCS2D02G079600.2,c.-1422T>A,
chr2D,33957109,C,A,A,upstream_gene_variant,TraesCS2D02G079600,TraesCS2D02G079600.2,c.-1441G>T,
chr2D,33957117,A,G,G,upstream_gene_variant,TraesCS2D02G079600,TraesCS2D02G079600.2,c.-1449T>C,
chr2D,33957125,A,G,G,upstream_gene_variant,TraesCS2D02G079600,TraesCS2D02G079600.2,c.-1457T>C,
chr2D,33957126,C,T,T,upstream_gene_variant,TraesCS2D02G079600,TraesCS2D02G079600.2,c.-1458G>A,
chr2D,33957136,A,G,G,upstream_gene_variant,TraesCS2D02G079600,TraesCS2D02G079600.2,c.-1468T>C,
chr2D,33957550,A,G,G,upstream_gene_variant,TraesCS2D02G079600,TraesCS2D02G079600.2,c.-1882T>C,
chr2D,33957590,T,C,C,upstream_gene_variant,TraesCS2D02G079600,TraesCS2D02G079600.2,c.-1922A>G,
chr2D,33957641,T,C,C,upstream_gene_variant,TraesCS2D02G079600,TraesCS2D02G079600.2,c.-1973A>G,
chr2D,33957827,G,A,A,upstream_gene_variant,TraesCS2D02G079600,TraesCS2D02G079600.3,c.-2061C>T,
chr2D,33957883,C,T,T,upstream_gene_variant,TraesCS2D02G079600,TraesCS2D02G079600.3,c.-2117G>A,
chr2D,33957895,G,A,A,upstream_gene_variant,TraesCS2D02G079600,TraesCS2D02G079600.3,c.-2129C>T,
chr2D,33957904,T,C,C,upstream_gene_variant,TraesCS2D02G079600,TraesCS2D02G079600.3,c.-2138A>G,
chr2D,33957946,G,A,A,upstream_gene_variant,TraesCS2D02G079600,TraesCS2D02G079600.3,c.-2180C>T,
chr2D,33957991,C,A,A,upstream_gene_variant,TraesCS2D02G079600,TraesCS2D02G079600.3,c.-2225G>T,
chr2D,33958121,T,C,C,upstream_gene_variant,TraesCS2D02G079600,TraesCS2D02G079600.3,c.-2355A>G,
chr2D,33958128,G,A,A,upstream_gene_variant,TraesCS2D02G079600,TraesCS2D02G079600.3,c.-2362C>T,
chr2D,33958168,C,T,T,upstream_gene_variant,TraesCS2D02G079600,TraesCS2D02G079600.3,c.-2402G>A,
chr2D,33958169,A,C,C,upstream_gene_variant,TraesCS2D02G079600,TraesCS2D02G079600.3,c.-2403T>G,
chr2D,33958179,T,C,C,upstream_gene_variant,TraesCS2D02G079600,TraesCS2D02G079600.3,c.-2413A>G,
chr2D,33958250,A,G,G,upstream_gene_variant,TraesCS2D02G079600,TraesCS2D02G079600.3,c.-2484T>C,
chr2D,33958266,G,A,A,upstream_gene_variant,TraesCS2D02G079600,TraesCS2D02G079600.3,c.-2500C>T,
