chr,position,length,ref,alt,type,allele,Annotation,Gene_Name,Feature_ID,HGVS.c,HGVS.p
chr2D,33952049,1,A,AC,INS,AC,splice_region_variant,TraesCS2D02G079600,TraesCS2D02G079600.2,c.*438dupG,
chr2D,33952522,16,A,AGCCGGCGGTGGCGGCT,INS,AGCCGGCGGTGGCGGCT,frameshift_variant,TraesCS2D02G079600,TraesCS2D02G079600.2,c.1987_1988insAGCCGCCACCGCCGGC,p.Leu663fs
chr2D,33952581,1,GT,G,DEL,G,frameshift_variant,TraesCS2D02G079600,TraesCS2D02G079600.2,c.1928delA,p.Tyr643fs
chr2D,33953310,5,CCGACG,C,DEL,C,frameshift_variant,TraesCS2D02G079600,TraesCS2D02G079600.2,c.1305_1309delCGTCG,p.Phe435fs
chr2D,33954728,6,T,TCCACTG,INS,TCCACTG,disruptive_inframe_insertion,TraesCS2D02G079600,TraesCS2D02G079600.2,c.525_530dupCAGTGG,p.Gly177_Ser178insSerGly
chr2D,33955311,18,AGATACGCCCACGCCTGGT,A,DEL,A,disruptive_inframe_deletion,TraesCS2D02G079600,TraesCS2D02G079600.2,c.233_250delACCAGGCGTGGGCGTATC,p.His78_Tyr83del
chr2D,33955619,26,TGGCGGTCCATGGCGCTAGGAGGAGGC,T,DEL,T,frameshift_variant,TraesCS2D02G079600,TraesCS2D02G079600.2,c.24_49delGCCTCCTCCTAGCGCCATGGACCGCC,p.Pro9fs
chr2D,33955669,15,GTTGGGGTCCTTTGGT,G,DEL,G,upstream_gene_variant,TraesCS2D02G079600,TraesCS2D02G079600.2,c.-16_-2delACCAAAGGACCCCAA,
chr2D,33955685,8,G,GGAAGCCCA,INS,GGAAGCCCA,upstream_gene_variant,TraesCS2D02G079600,TraesCS2D02G079600.2,c.-18_-17insTGGGCTTC,
chr2D,33955687,4,T,TGTAG,INS,TGTAG,upstream_gene_variant,TraesCS2D02G079600,TraesCS2D02G079600.2,c.-20_-19insCTAC,
chr2D,33955769,1,G,GC,INS,GC,5_prime_UTR_variant,TraesCS2D02G079600,TraesCS2D02G079600.3,c.-4_-3insG,
chr2D,33955774,3,TCCC,T,DEL,T,5_prime_UTR_variant,TraesCS2D02G079600,TraesCS2D02G079600.3,c.-11_-9delGGG,
chr2D,33955779,3,G,GTAC,INS,GTAC,5_prime_UTR_variant,TraesCS2D02G079600,TraesCS2D02G079600.3,c.-14_-13insGTA,
chr2D,33955788,1,TG,T,DEL,T,5_prime_UTR_variant,TraesCS2D02G079600,TraesCS2D02G079600.3,c.-23delC,
chr2D,33955791,1,GT,G,DEL,G,5_prime_UTR_variant,TraesCS2D02G079600,TraesCS2D02G079600.3,c.-26delA,
chr2D,33955795,1,GT,G,DEL,G,5_prime_UTR_variant,TraesCS2D02G079600,TraesCS2D02G079600.3,c.-30delA,
chr2D,33955799,8,GCTCGTCCA,G,DEL,G,5_prime_UTR_variant,TraesCS2D02G079600,TraesCS2D02G079600.3,c.-41_-34delTGGACGAG,
chr2D,33955829,1,C,CA,INS,CA,5_prime_UTR_variant,TraesCS2D02G079600,TraesCS2D02G079600.3,c.-64dupT,
chr2D,33956010,6,CTGGAGT,C,DEL,C,5_prime_UTR_variant,TraesCS2D02G079600,TraesCS2D02G079600.3,c.-250_-245delACTCCA,
chr2D,33956053,1,GA,G,DEL,G,upstream_gene_variant,TraesCS2D02G079600,TraesCS2D02G079600.2,c.-386delT,
chr2D,33956313,1,GA,G,DEL,G,upstream_gene_variant,TraesCS2D02G079600,TraesCS2D02G079600.2,c.-646delT,
chr2D,33956451,10,CCGAGCCCGGG,C,DEL,C,upstream_gene_variant,TraesCS2D02G079600,TraesCS2D02G079600.2,c.-793_-784delCCCGGGCTCG,
chr2D,33956575,2,GAC,G,DEL,G,upstream_gene_variant,TraesCS2D02G079600,TraesCS2D02G079600.2,c.-909_-908delGT,
chr2D,33956578,2,GGA,G,DEL,G,upstream_gene_variant,TraesCS2D02G079600,TraesCS2D02G079600.2,c.-912_-911delTC,
chr2D,33956615,33,G,GGGAGCACTGCACTGAGGGGAGCCCTCGAACGCT,INS,GGGAGCACTGCACTGAGGGGAGCCCTCGAACGCT,upstream_gene_variant,TraesCS2D02G079600,TraesCS2D02G079600.2,c.-948_-947insAGCGTTCGAGGGCTCCCCTCAGTGCAGTGCTCC,
chr2D,33956641,4,T,TGCAA,INS,TGCAA,upstream_gene_variant,TraesCS2D02G079600,TraesCS2D02G079600.2,c.-974_-973insTTGC,
chr2D,33956649,4,TACTC,T,DEL,T,upstream_gene_variant,TraesCS2D02G079600,TraesCS2D02G079600.2,c.-985_-982delGAGT,
chr2D,33956654,4,GTAGT,G,DEL,G,upstream_gene_variant,TraesCS2D02G079600,TraesCS2D02G079600.2,c.-990_-987delACTA,
chr2D,33956663,6,TACTACA,T,DEL,T,upstream_gene_variant,TraesCS2D02G079600,TraesCS2D02G079600.2,c.-1001_-996delTGTAGT,
chr2D,33956673,6,AGTAGTG,A,DEL,A,upstream_gene_variant,TraesCS2D02G079600,TraesCS2D02G079600.2,c.-1011_-1006delCACTAC,
chr2D,33956726,2,TCC,T,DEL,T,upstream_gene_variant,TraesCS2D02G079600,TraesCS2D02G079600.2,c.-1060_-1059delGG,
chr2D,33956737,1,GC,G,DEL,G,upstream_gene_variant,TraesCS2D02G079600,TraesCS2D02G079600.2,c.-1070delG,
chr2D,33956750,1,TC,T,DEL,T,upstream_gene_variant,TraesCS2D02G079600,TraesCS2D02G079600.2,c.-1083delG,
chr2D,33956758,2,T,TCC,INS,TCC,regulatory_region_variant,,TE_CLARITE_CLARIrepeatwheat_403902_403952_Repeat_region_102.DTT_1178877,n.33956759_33956758insGG,
chr2D,33956805,1,A,AT,INS,AT,upstream_gene_variant,TraesCS2D02G079600,TraesCS2D02G079600.2,c.-1138_-1137insA,
chr2D,33957006,1,G,GA,INS,GA,upstream_gene_variant,TraesCS2D02G079600,TraesCS2D02G079600.2,c.-1339_-1338insT,
chr2D,33957098,1,A,AC,INS,AC,upstream_gene_variant,TraesCS2D02G079600,TraesCS2D02G079600.2,c.-1431_-1430insG,
chr2D,33957399,1,AG,A,DEL,A,upstream_gene_variant,TraesCS2D02G079600,TraesCS2D02G079600.2,c.-1732delC,
chr2D,33957512,15,C,CACGGCAGGGATGGCA,INS,CACGGCAGGGATGGCA,upstream_gene_variant,TraesCS2D02G079600,TraesCS2D02G079600.2,c.-1845_-1844insTGCCATCCCTGCCGT,
chr2D,33957610,26,CATGCCCATTGGGTATCCAGTGGGAAT,C,DEL,C,upstream_gene_variant,TraesCS2D02G079600,TraesCS2D02G079600.2,c.-1968_-1943delATTCCCACTGGATACCCAATGGGCAT,
chr2D,33957996,25,G,GAGTTACTTTCATTTATTAACTTTTT,INS,GAGTTACTTTCATTTATTAACTTTTT,upstream_gene_variant,TraesCS2D02G079600,TraesCS2D02G079600.3,c.-2231_-2230insAAAAAGTTAATAAATGAAAGTAACT,
chr2D,33958160,2,C,CAA,INS,CAA,upstream_gene_variant,TraesCS2D02G079600,TraesCS2D02G079600.3,c.-2395_-2394insTT,
chr2D,33958209,1,G,GT,INS,GT,upstream_gene_variant,TraesCS2D02G079600,TraesCS2D02G079600.3,c.-2444_-2443insA,
